interface removed, generator,# affected nodes, solution, # reachable nodes, interface included, # interface exposed, # violated policies, # nodes exposed
as1border1:GigabitEthernet0/0, complete,15, base, 13, 1, 65, 60,13
as1border1:GigabitEthernet0/0, complete,15, crystal-net, 10, 0, 51, 58,10
as1border1:GigabitEthernet0/0, complete,15, empty, 0, 0, 0, 0,0
as1border1:GigabitEthernet0/0, complete,15, heimdall, 12, 0, 61, 60,12
as1border1:GigabitEthernet0/0, complete,15, heimdall_end_nodes, 12, 0, 61, 60,12
as1border1:GigabitEthernet0/0, complete,15, heimdall_interface, 35, 0, 34, 35,34
as1border1:GigabitEthernet0/0, complete,15, heimdall_intersect, 4, 0, 20, 32,4
as1border1:GigabitEthernet0/0, complete,15, heimdall_intersect2, 12, 0, 61, 60,12
as1border1:GigabitEthernet0/0, complete,15, heimdall_intersect3, 6, 0, 30, 42,6
as1border1:GigabitEthernet0/0, complete,15, heimdall_intersect4, 10, 0, 52, 57,10
as1border1:GigabitEthernet0/0, complete,15, neighbor, 8, 0, 41, 53,8
as1border1:GigabitEthernet0/0, random-2,2, base, 13, 1, 65, 60,13
as1border1:GigabitEthernet0/0, random-2,2, crystal-net, 2, 0, 9, 15,2
as1border1:GigabitEthernet0/0, random-2,2, empty, 0, 0, 0, 0,0
as1border1:GigabitEthernet0/0, random-2,2, heimdall, 11, 0, 56, 55,11
as1border1:GigabitEthernet0/0, random-2,2, heimdall_end_nodes, 6, 0, 29, 35,6
as1border1:GigabitEthernet0/0, random-2,2, heimdall_interface, 27, 0, 26, 35,26
as1border1:GigabitEthernet0/0, random-2,2, heimdall_intersect, 6, 0, 29, 35,6
as1border1:GigabitEthernet0/0, random-2,2, heimdall_intersect2, 6, 0, 29, 35,6
as1border1:GigabitEthernet0/0, random-2,2, neighbor, 2, 0, 9, 15,2
as1border1:GigabitEthernet1/0, complete,15, base, 13, 1, 65, 68,13
as1border1:GigabitEthernet1/0, complete,15, crystal-net, 11, 1, 55, 66,11
as1border1:GigabitEthernet1/0, complete,15, empty, 0, 0, 0, 0,0
as1border1:GigabitEthernet1/0, complete,15, heimdall, 13, 1, 65, 68,13
as1border1:GigabitEthernet1/0, complete,15, heimdall_end_nodes, 13, 1, 65, 68,13
as1border1:GigabitEthernet1/0, complete,15, heimdall_interface, 36, 0, 35, 43,35
as1border1:GigabitEthernet1/0, complete,15, heimdall_intersect, 4, 0, 20, 32,4
as1border1:GigabitEthernet1/0, complete,15, heimdall_intersect2, 13, 1, 65, 68,13
as1border1:GigabitEthernet1/0, complete,15, heimdall_intersect3, 6, 0, 30, 42,6
as1border1:GigabitEthernet1/0, complete,15, heimdall_intersect4, 10, 0, 52, 57,10
as1border1:GigabitEthernet1/0, complete,15, neighbor, 8, 0, 41, 61,8
as1border1:GigabitEthernet1/0, random-2,2, base, 13, 1, 65, 68,13
as1border1:GigabitEthernet1/0, random-2,2, crystal-net, 2, 0, 9, 23,2
as1border1:GigabitEthernet1/0, random-2,2, empty, 0, 0, 0, 0,0
as1border1:GigabitEthernet1/0, random-2,2, heimdall, 12, 1, 60, 63,12
as1border1:GigabitEthernet1/0, random-2,2, heimdall_end_nodes, 7, 1, 33, 43,7
as1border1:GigabitEthernet1/0, random-2,2, heimdall_interface, 28, 0, 27, 43,27
as1border1:GigabitEthernet1/0, random-2,2, heimdall_intersect, 7, 1, 33, 43,7
as1border1:GigabitEthernet1/0, random-2,2, heimdall_intersect2, 7, 1, 33, 43,7
as1border1:GigabitEthernet1/0, random-2,2, neighbor, 2, 0, 9, 23,2
as1border1:Loopback0, complete,15, base, 13, 1, 65, 60,13
as1border1:Loopback0, complete,15, crystal-net, 11, 1, 55, 58,11
as1border1:Loopback0, complete,15, empty, 0, 0, 0, 0,0
as1border1:Loopback0, complete,15, heimdall, 13, 1, 65, 60,13
as1border1:Loopback0, complete,15, heimdall_end_nodes, 13, 1, 65, 60,13
as1border1:Loopback0, complete,15, heimdall_interface, 38, 0, 37, 35,37
as1border1:Loopback0, complete,15, heimdall_intersect, 6, 1, 28, 35,6
as1border1:Loopback0, complete,15, heimdall_intersect2, 13, 1, 65, 60,13
as1border1:Loopback0, complete,15, heimdall_intersect3, 8, 1, 38, 45,8
as1border1:Loopback0, complete,15, heimdall_intersect4, 12, 1, 60, 60,12
as1border1:Loopback0, complete,15, neighbor, 8, 0, 41, 53,8
as1border1:Loopback0, random-2,2, base, 13, 1, 65, 60,13
as1border1:Loopback0, random-2,2, crystal-net, 2, 0, 9, 15,2
as1border1:Loopback0, random-2,2, empty, 0, 0, 0, 0,0
as1border1:Loopback0, random-2,2, heimdall, 12, 1, 60, 55,12
as1border1:Loopback0, random-2,2, heimdall_end_nodes, 7, 1, 33, 35,7
as1border1:Loopback0, random-2,2, heimdall_interface, 28, 0, 27, 35,27
as1border1:Loopback0, random-2,2, heimdall_intersect, 7, 1, 33, 35,7
as1border1:Loopback0, random-2,2, heimdall_intersect2, 7, 1, 33, 35,7
as1border1:Loopback0, random-2,2, neighbor, 2, 0, 9, 15,2
as1border2:GigabitEthernet0/0, complete,5, base, 13, 1, 65, 70,13
as1border2:GigabitEthernet0/0, complete,5, crystal-net, 6, 1, 27, 35,6
as1border2:GigabitEthernet0/0, complete,5, empty, 0, 0, 0, 0,0
as1border2:GigabitEthernet0/0, complete,5, heimdall, 13, 1, 65, 70,13
as1border2:GigabitEthernet0/0, complete,5, heimdall_end_nodes, 9, 1, 43, 50,9
as1border2:GigabitEthernet0/0, complete,5, heimdall_interface, 33, 0, 32, 45,32
as1border2:GigabitEthernet0/0, complete,5, heimdall_intersect, 0, 0, 0, 0,0
as1border2:GigabitEthernet0/0, complete,5, heimdall_intersect2, 9, 1, 43, 50,9
as1border2:GigabitEthernet0/0, complete,5, heimdall_intersect3, 9, 1, 43, 50,9
as1border2:GigabitEthernet0/0, complete,5, heimdall_intersect4, 9, 1, 43, 50,9
as1border2:GigabitEthernet0/0, complete,5, neighbor, 4, 1, 19, 31,4
as1border2:GigabitEthernet0/0, random-2,2, base, 13, 1, 65, 70,13
as1border2:GigabitEthernet0/0, random-2,2, crystal-net, 4, 1, 19, 29,4
as1border2:GigabitEthernet0/0, random-2,2, empty, 0, 0, 0, 0,0
as1border2:GigabitEthernet0/0, random-2,2, heimdall, 13, 1, 65, 70,13
as1border2:GigabitEthernet0/0, random-2,2, heimdall_end_nodes, 9, 1, 43, 50,9
as1border2:GigabitEthernet0/0, random-2,2, heimdall_interface, 33, 0, 32, 45,32
as1border2:GigabitEthernet0/0, random-2,2, heimdall_intersect, 1, 0, 6, 28,1
as1border2:GigabitEthernet0/0, random-2,2, heimdall_intersect2, 1, 0, 6, 28,1
as1border2:GigabitEthernet0/0, random-2,2, neighbor, 3, 1, 15, 27,3
as1border2:GigabitEthernet1/0, complete,5, base, 13, 1, 65, 59,13
as1border2:GigabitEthernet1/0, complete,5, crystal-net, 6, 1, 27, 24,6
as1border2:GigabitEthernet1/0, complete,5, empty, 0, 0, 0, 0,0
as1border2:GigabitEthernet1/0, complete,5, heimdall, 11, 1, 56, 54,11
as1border2:GigabitEthernet1/0, complete,5, heimdall_end_nodes, 7, 1, 34, 34,7
as1border2:GigabitEthernet1/0, complete,5, heimdall_interface, 25, 0, 24, 32,24
as1border2:GigabitEthernet1/0, complete,5, heimdall_intersect, 0, 0, 0, 0,0
as1border2:GigabitEthernet1/0, complete,5, heimdall_intersect2, 6, 1, 30, 32,6
as1border2:GigabitEthernet1/0, complete,5, heimdall_intersect3, 6, 1, 30, 32,6
as1border2:GigabitEthernet1/0, complete,5, heimdall_intersect4, 7, 1, 34, 34,7
as1border2:GigabitEthernet1/0, complete,5, neighbor, 4, 1, 19, 20,4
as1border2:GigabitEthernet1/0, random-2,2, base, 13, 1, 65, 59,13
as1border2:GigabitEthernet1/0, random-2,2, crystal-net, 4, 1, 19, 18,4
as1border2:GigabitEthernet1/0, random-2,2, empty, 0, 0, 0, 0,0
as1border2:GigabitEthernet1/0, random-2,2, heimdall, 10, 1, 52, 52,10
as1border2:GigabitEthernet1/0, random-2,2, heimdall_end_nodes, 6, 1, 30, 32,6
as1border2:GigabitEthernet1/0, random-2,2, heimdall_interface, 24, 0, 23, 32,23
as1border2:GigabitEthernet1/0, random-2,2, heimdall_intersect, 5, 1, 25, 32,5
as1border2:GigabitEthernet1/0, random-2,2, heimdall_intersect2, 5, 1, 25, 32,5
as1border2:GigabitEthernet1/0, random-2,2, neighbor, 3, 1, 15, 16,3
as1border2:GigabitEthernet2/0, complete,3, base, 13, 1, 65, 67,13
as1border2:GigabitEthernet2/0, complete,3, crystal-net, 4, 1, 17, 18,4
as1border2:GigabitEthernet2/0, complete,3, empty, 0, 0, 0, 0,0
as1border2:GigabitEthernet2/0, complete,3, heimdall, 12, 1, 60, 67,12
as1border2:GigabitEthernet2/0, complete,3, heimdall_end_nodes, 8, 1, 38, 47,8
as1border2:GigabitEthernet2/0, complete,3, heimdall_interface, 26, 0, 25, 35,25
as1border2:GigabitEthernet2/0, complete,3, heimdall_intersect, 0, 0, 0, 0,0
as1border2:GigabitEthernet2/0, complete,3, heimdall_intersect2, 8, 1, 38, 47,8
as1border2:GigabitEthernet2/0, complete,3, heimdall_intersect3, 8, 1, 38, 47,8
as1border2:GigabitEthernet2/0, complete,3, heimdall_intersect4, 8, 1, 38, 47,8
as1border2:GigabitEthernet2/0, complete,3, neighbor, 3, 1, 13, 18,3
as1border2:GigabitEthernet2/0, random-2,2, base, 13, 1, 65, 67,13
as1border2:GigabitEthernet2/0, random-2,2, crystal-net, 2, 1, 9, 14,2
as1border2:GigabitEthernet2/0, random-2,2, empty, 0, 0, 0, 0,0
as1border2:GigabitEthernet2/0, random-2,2, heimdall, 12, 1, 60, 67,12
as1border2:GigabitEthernet2/0, random-2,2, heimdall_end_nodes, 8, 1, 38, 47,8
as1border2:GigabitEthernet2/0, random-2,2, heimdall_interface, 26, 0, 25, 35,25
as1border2:GigabitEthernet2/0, random-2,2, heimdall_intersect, 0, 0, 0, 0,0
as1border2:GigabitEthernet2/0, random-2,2, heimdall_intersect2, 0, 0, 0, 0,0
as1border2:GigabitEthernet2/0, random-2,2, neighbor, 2, 1, 9, 14,2
as1border2:Loopback0, complete,3, base, 13, 1, 65, 65,13
as1border2:Loopback0, complete,3, crystal-net, 4, 1, 17, 22,4
as1border2:Loopback0, complete,3, empty, 0, 0, 0, 0,0
as1border2:Loopback0, complete,3, heimdall, 13, 1, 65, 65,13
as1border2:Loopback0, complete,3, heimdall_end_nodes, 8, 1, 38, 45,8
as1border2:Loopback0, complete,3, heimdall_interface, 30, 0, 29, 40,29
as1border2:Loopback0, complete,3, heimdall_intersect, 8, 1, 38, 45,8
as1border2:Loopback0, complete,3, heimdall_intersect2, 8, 1, 38, 45,8
as1border2:Loopback0, complete,3, heimdall_intersect3, 8, 1, 38, 45,8
as1border2:Loopback0, complete,3, heimdall_intersect4, 8, 1, 38, 45,8
as1border2:Loopback0, complete,3, neighbor, 3, 1, 13, 20,3
as1border2:Loopback0, random-2,2, base, 13, 1, 65, 65,13
as1border2:Loopback0, random-2,2, crystal-net, 2, 1, 9, 16,2
as1border2:Loopback0, random-2,2, empty, 0, 0, 0, 0,0
as1border2:Loopback0, random-2,2, heimdall, 13, 1, 65, 65,13
as1border2:Loopback0, random-2,2, heimdall_end_nodes, 8, 1, 38, 45,8
as1border2:Loopback0, random-2,2, heimdall_interface, 30, 0, 29, 40,29
as1border2:Loopback0, random-2,2, heimdall_intersect, 8, 1, 38, 45,8
as1border2:Loopback0, random-2,2, heimdall_intersect2, 8, 1, 38, 45,8
as1border2:Loopback0, random-2,2, neighbor, 2, 1, 9, 16,2
as1core1:GigabitEthernet0/0, complete,17, base, 13, 1, 65, 59,13
as1core1:GigabitEthernet0/0, complete,17, crystal-net, 11, 0, 57, 57,11
as1core1:GigabitEthernet0/0, complete,17, empty, 0, 0, 0, 0,0
as1core1:GigabitEthernet0/0, complete,17, heimdall, 13, 1, 65, 59,13
as1core1:GigabitEthernet0/0, complete,17, heimdall_end_nodes, 13, 1, 65, 59,13
as1core1:GigabitEthernet0/0, complete,17, heimdall_interface, 37, 0, 36, 34,36
as1core1:GigabitEthernet0/0, complete,17, heimdall_intersect, 4, 0, 20, 32,4
as1core1:GigabitEthernet0/0, complete,17, heimdall_intersect2, 13, 1, 65, 59,13
as1core1:GigabitEthernet0/0, complete,17, heimdall_intersect3, 9, 1, 43, 44,9
as1core1:GigabitEthernet0/0, complete,17, heimdall_intersect4, 13, 1, 65, 59,13
as1core1:GigabitEthernet0/0, complete,17, neighbor, 8, 0, 43, 52,8
as1core1:GigabitEthernet0/0, random-2,2, base, 13, 1, 65, 59,13
as1core1:GigabitEthernet0/0, random-2,2, crystal-net, 2, 0, 9, 10,2
as1core1:GigabitEthernet0/0, random-2,2, empty, 0, 0, 0, 0,0
as1core1:GigabitEthernet0/0, random-2,2, heimdall, 10, 0, 52, 52,10
as1core1:GigabitEthernet0/0, random-2,2, heimdall_end_nodes, 5, 0, 25, 32,5
as1core1:GigabitEthernet0/0, random-2,2, heimdall_interface, 25, 0, 24, 32,24
as1core1:GigabitEthernet0/0, random-2,2, heimdall_intersect, 5, 0, 25, 32,5
as1core1:GigabitEthernet0/0, random-2,2, heimdall_intersect2, 5, 0, 25, 32,5
as1core1:GigabitEthernet0/0, random-2,2, neighbor, 2, 0, 9, 10,2
as1core1:GigabitEthernet1/0, complete,17, base, 13, 1, 65, 60,13
as1core1:GigabitEthernet1/0, complete,17, crystal-net, 12, 1, 61, 60,12
as1core1:GigabitEthernet1/0, complete,17, empty, 0, 0, 0, 0,0
as1core1:GigabitEthernet1/0, complete,17, heimdall, 13, 1, 65, 60,13
as1core1:GigabitEthernet1/0, complete,17, heimdall_end_nodes, 13, 1, 65, 60,13
as1core1:GigabitEthernet1/0, complete,17, heimdall_interface, 37, 0, 36, 35,36
as1core1:GigabitEthernet1/0, complete,17, heimdall_intersect, 4, 0, 20, 32,4
as1core1:GigabitEthernet1/0, complete,17, heimdall_intersect2, 13, 1, 65, 60,13
as1core1:GigabitEthernet1/0, complete,17, heimdall_intersect3, 8, 0, 39, 42,8
as1core1:GigabitEthernet1/0, complete,17, heimdall_intersect4, 13, 1, 65, 60,13
as1core1:GigabitEthernet1/0, complete,17, neighbor, 9, 1, 47, 55,9
as1core1:GigabitEthernet1/0, random-2,2, base, 13, 1, 65, 60,13
as1core1:GigabitEthernet1/0, random-2,2, crystal-net, 2, 0, 9, 15,2
as1core1:GigabitEthernet1/0, random-2,2, empty, 0, 0, 0, 0,0
as1core1:GigabitEthernet1/0, random-2,2, heimdall, 11, 1, 56, 55,11
as1core1:GigabitEthernet1/0, random-2,2, heimdall_end_nodes, 6, 1, 29, 35,6
as1core1:GigabitEthernet1/0, random-2,2, heimdall_interface, 26, 0, 25, 35,25
as1core1:GigabitEthernet1/0, random-2,2, heimdall_intersect, 6, 1, 29, 35,6
as1core1:GigabitEthernet1/0, random-2,2, heimdall_intersect2, 6, 1, 29, 35,6
as1core1:GigabitEthernet1/0, random-2,2, neighbor, 2, 0, 9, 15,2
as1core1:Loopback0, complete,3, base, 13, 1, 65, 64,13
as1core1:Loopback0, complete,3, crystal-net, 4, 1, 17, 21,4
as1core1:Loopback0, complete,3, empty, 0, 0, 0, 0,0
as1core1:Loopback0, complete,3, heimdall, 13, 1, 65, 64,13
as1core1:Loopback0, complete,3, heimdall_end_nodes, 8, 1, 38, 44,8
as1core1:Loopback0, complete,3, heimdall_interface, 30, 0, 29, 39,29
as1core1:Loopback0, complete,3, heimdall_intersect, 8, 1, 38, 44,8
as1core1:Loopback0, complete,3, heimdall_intersect2, 8, 1, 38, 44,8
as1core1:Loopback0, complete,3, heimdall_intersect3, 8, 1, 38, 44,8
as1core1:Loopback0, complete,3, heimdall_intersect4, 8, 1, 38, 44,8
as1core1:Loopback0, complete,3, neighbor, 3, 1, 13, 19,3
as1core1:Loopback0, random-2,2, base, 13, 1, 65, 64,13
as1core1:Loopback0, random-2,2, crystal-net, 2, 0, 9, 18,2
as1core1:Loopback0, random-2,2, empty, 0, 0, 0, 0,0
as1core1:Loopback0, random-2,2, heimdall, 13, 1, 65, 64,13
as1core1:Loopback0, random-2,2, heimdall_end_nodes, 8, 1, 38, 44,8
as1core1:Loopback0, random-2,2, heimdall_interface, 30, 0, 29, 39,29
as1core1:Loopback0, random-2,2, heimdall_intersect, 8, 1, 38, 44,8
as1core1:Loopback0, random-2,2, heimdall_intersect2, 8, 1, 38, 44,8
as1core1:Loopback0, random-2,2, neighbor, 2, 0, 9, 18,2
as2border1:GigabitEthernet0/0, complete,15, base, 13, 1, 65, 68,13
as2border1:GigabitEthernet0/0, complete,15, crystal-net, 11, 1, 55, 66,11
as2border1:GigabitEthernet0/0, complete,15, empty, 0, 0, 0, 0,0
as2border1:GigabitEthernet0/0, complete,15, heimdall, 13, 1, 65, 68,13
as2border1:GigabitEthernet0/0, complete,15, heimdall_end_nodes, 13, 1, 65, 68,13
as2border1:GigabitEthernet0/0, complete,15, heimdall_interface, 37, 0, 36, 43,36
as2border1:GigabitEthernet0/0, complete,15, heimdall_intersect, 4, 0, 20, 32,4
as2border1:GigabitEthernet0/0, complete,15, heimdall_intersect2, 13, 1, 65, 68,13
as2border1:GigabitEthernet0/0, complete,15, heimdall_intersect3, 6, 0, 30, 42,6
as2border1:GigabitEthernet0/0, complete,15, heimdall_intersect4, 10, 1, 52, 57,10
as2border1:GigabitEthernet0/0, complete,15, neighbor, 8, 0, 41, 61,8
as2border1:GigabitEthernet0/0, random-2,2, base, 13, 1, 65, 68,13
as2border1:GigabitEthernet0/0, random-2,2, crystal-net, 2, 0, 9, 23,2
as2border1:GigabitEthernet0/0, random-2,2, empty, 0, 0, 0, 0,0
as2border1:GigabitEthernet0/0, random-2,2, heimdall, 12, 0, 60, 63,12
as2border1:GigabitEthernet0/0, random-2,2, heimdall_end_nodes, 7, 0, 33, 43,7
as2border1:GigabitEthernet0/0, random-2,2, heimdall_interface, 28, 0, 27, 43,27
as2border1:GigabitEthernet0/0, random-2,2, heimdall_intersect, 7, 0, 33, 43,7
as2border1:GigabitEthernet0/0, random-2,2, heimdall_intersect2, 7, 0, 33, 43,7
as2border1:GigabitEthernet0/0, random-2,2, neighbor, 2, 0, 9, 23,2
as2border1:GigabitEthernet1/0, complete,15, base, 13, 1, 65, 60,13
as2border1:GigabitEthernet1/0, complete,15, crystal-net, 11, 1, 55, 58,11
as2border1:GigabitEthernet1/0, complete,15, empty, 0, 0, 0, 0,0
as2border1:GigabitEthernet1/0, complete,15, heimdall, 13, 1, 65, 60,13
as2border1:GigabitEthernet1/0, complete,15, heimdall_end_nodes, 13, 1, 65, 60,13
as2border1:GigabitEthernet1/0, complete,15, heimdall_interface, 36, 0, 35, 44,35
as2border1:GigabitEthernet1/0, complete,15, heimdall_intersect, 3, 0, 14, 16,3
as2border1:GigabitEthernet1/0, complete,15, heimdall_intersect2, 13, 1, 65, 60,13
as2border1:GigabitEthernet1/0, complete,15, heimdall_intersect3, 7, 1, 35, 41,7
as2border1:GigabitEthernet1/0, complete,15, heimdall_intersect4, 10, 1, 52, 49,10
as2border1:GigabitEthernet1/0, complete,15, neighbor, 8, 0, 41, 58,8
as2border1:GigabitEthernet1/0, random-2,2, base, 13, 1, 65, 60,13
as2border1:GigabitEthernet1/0, random-2,2, crystal-net, 2, 0, 9, 17,2
as2border1:GigabitEthernet1/0, random-2,2, empty, 0, 0, 0, 0,0
as2border1:GigabitEthernet1/0, random-2,2, heimdall, 7, 1, 32, 36,7
as2border1:GigabitEthernet1/0, random-2,2, heimdall_end_nodes, 7, 1, 32, 36,7
as2border1:GigabitEthernet1/0, random-2,2, heimdall_interface, 13, 0, 13, 25,13
as2border1:GigabitEthernet1/0, random-2,2, heimdall_intersect, 7, 1, 32, 36,7
as2border1:GigabitEthernet1/0, random-2,2, heimdall_intersect2, 7, 1, 32, 36,7
as2border1:GigabitEthernet1/0, random-2,2, neighbor, 2, 0, 9, 17,2
as2border1:GigabitEthernet2/0, complete,6, base, 13, 1, 65, 70,13
as2border1:GigabitEthernet2/0, complete,6, crystal-net, 7, 1, 38, 53,7
as2border1:GigabitEthernet2/0, complete,6, empty, 0, 0, 0, 0,0
as2border1:GigabitEthernet2/0, complete,6, heimdall, 13, 1, 65, 70,13
as2border1:GigabitEthernet2/0, complete,6, heimdall_end_nodes, 13, 1, 65, 70,13
as2border1:GigabitEthernet2/0, complete,6, heimdall_interface, 33, 0, 32, 54,32
as2border1:GigabitEthernet2/0, complete,6, heimdall_intersect, 13, 1, 65, 70,13
as2border1:GigabitEthernet2/0, complete,6, heimdall_intersect2, 13, 1, 65, 70,13
as2border1:GigabitEthernet2/0, complete,6, heimdall_intersect3, 13, 1, 65, 70,13
as2border1:GigabitEthernet2/0, complete,6, heimdall_intersect4, 13, 1, 65, 70,13
as2border1:GigabitEthernet2/0, complete,6, neighbor, 5, 0, 28, 53,5
as2border1:GigabitEthernet2/0, random-2,2, base, 13, 1, 65, 70,13
as2border1:GigabitEthernet2/0, random-2,2, crystal-net, 7, 1, 38, 53,7
as2border1:GigabitEthernet2/0, random-2,2, empty, 0, 0, 0, 0,0
as2border1:GigabitEthernet2/0, random-2,2, heimdall, 13, 1, 65, 70,13
as2border1:GigabitEthernet2/0, random-2,2, heimdall_end_nodes, 13, 1, 65, 70,13
as2border1:GigabitEthernet2/0, random-2,2, heimdall_interface, 33, 0, 32, 54,32
as2border1:GigabitEthernet2/0, random-2,2, heimdall_intersect, 13, 1, 65, 70,13
as2border1:GigabitEthernet2/0, random-2,2, heimdall_intersect2, 13, 1, 65, 70,13
as2border1:GigabitEthernet2/0, random-2,2, neighbor, 3, 0, 17, 38,3
as2border1:Loopback0, complete,15, base, 13, 1, 65, 61,13
as2border1:Loopback0, complete,15, crystal-net, 11, 1, 55, 59,11
as2border1:Loopback0, complete,15, empty, 0, 0, 0, 0,0
as2border1:Loopback0, complete,15, heimdall, 13, 1, 65, 61,13
as2border1:Loopback0, complete,15, heimdall_end_nodes, 13, 1, 65, 61,13
as2border1:Loopback0, complete,15, heimdall_interface, 38, 0, 37, 41,37
as2border1:Loopback0, complete,15, heimdall_intersect, 4, 0, 20, 30,4
as2border1:Loopback0, complete,15, heimdall_intersect2, 13, 1, 65, 61,13
as2border1:Loopback0, complete,15, heimdall_intersect3, 7, 1, 35, 40,7
as2border1:Loopback0, complete,15, heimdall_intersect4, 10, 1, 52, 50,10
as2border1:Loopback0, complete,15, neighbor, 8, 0, 41, 59,8
as2border1:Loopback0, random-2,2, base, 13, 1, 65, 61,13
as2border1:Loopback0, random-2,2, crystal-net, 2, 0, 9, 23,2
as2border1:Loopback0, random-2,2, empty, 0, 0, 0, 0,0
as2border1:Loopback0, random-2,2, heimdall, 13, 1, 65, 61,13
as2border1:Loopback0, random-2,2, heimdall_end_nodes, 8, 1, 38, 41,8
as2border1:Loopback0, random-2,2, heimdall_interface, 30, 0, 29, 41,29
as2border1:Loopback0, random-2,2, heimdall_intersect, 8, 1, 38, 41,8
as2border1:Loopback0, random-2,2, heimdall_intersect2, 8, 1, 38, 41,8
as2border1:Loopback0, random-2,2, neighbor, 2, 0, 9, 23,2
as2border2:GigabitEthernet0/0, complete,14, base, 13, 1, 65, 66,13
as2border2:GigabitEthernet0/0, complete,14, crystal-net, 11, 1, 57, 64,11
as2border2:GigabitEthernet0/0, complete,14, empty, 0, 0, 0, 0,0
as2border2:GigabitEthernet0/0, complete,14, heimdall, 13, 1, 65, 66,13
as2border2:GigabitEthernet0/0, complete,14, heimdall_end_nodes, 13, 1, 65, 66,13
as2border2:GigabitEthernet0/0, complete,14, heimdall_interface, 36, 0, 35, 41,35
as2border2:GigabitEthernet0/0, complete,14, heimdall_intersect, 4, 0, 19, 35,4
as2border2:GigabitEthernet0/0, complete,14, heimdall_intersect2, 13, 1, 65, 66,13
as2border2:GigabitEthernet0/0, complete,14, heimdall_intersect3, 6, 0, 29, 45,6
as2border2:GigabitEthernet0/0, complete,14, heimdall_intersect4, 10, 1, 51, 60,10
as2border2:GigabitEthernet0/0, complete,14, neighbor, 8, 0, 43, 59,8
as2border2:GigabitEthernet0/0, random-2,2, base, 13, 1, 65, 66,13
as2border2:GigabitEthernet0/0, random-2,2, crystal-net, 8, 1, 41, 46,8
as2border2:GigabitEthernet0/0, random-2,2, empty, 0, 0, 0, 0,0
as2border2:GigabitEthernet0/0, random-2,2, heimdall, 13, 1, 65, 66,13
as2border2:GigabitEthernet0/0, random-2,2, heimdall_end_nodes, 13, 1, 65, 66,13
as2border2:GigabitEthernet0/0, random-2,2, heimdall_interface, 36, 0, 35, 41,35
as2border2:GigabitEthernet0/0, random-2,2, heimdall_intersect, 4, 0, 19, 35,4
as2border2:GigabitEthernet0/0, random-2,2, heimdall_intersect2, 4, 0, 19, 35,4
as2border2:GigabitEthernet0/0, random-2,2, neighbor, 4, 0, 21, 22,4
as2border2:GigabitEthernet1/0, complete,6, base, 13, 1, 65, 70,13
as2border2:GigabitEthernet1/0, complete,6, crystal-net, 7, 1, 38, 53,7
as2border2:GigabitEthernet1/0, complete,6, empty, 0, 0, 0, 0,0
as2border2:GigabitEthernet1/0, complete,6, heimdall, 13, 1, 65, 70,13
as2border2:GigabitEthernet1/0, complete,6, heimdall_end_nodes, 13, 1, 65, 70,13
as2border2:GigabitEthernet1/0, complete,6, heimdall_interface, 33, 0, 32, 50,32
as2border2:GigabitEthernet1/0, complete,6, heimdall_intersect, 13, 1, 65, 70,13
as2border2:GigabitEthernet1/0, complete,6, heimdall_intersect2, 13, 1, 65, 70,13
as2border2:GigabitEthernet1/0, complete,6, heimdall_intersect3, 13, 1, 65, 70,13
as2border2:GigabitEthernet1/0, complete,6, heimdall_intersect4, 13, 1, 65, 70,13
as2border2:GigabitEthernet1/0, complete,6, neighbor, 5, 0, 28, 49,5
as2border2:GigabitEthernet1/0, random-2,2, base, 13, 1, 65, 70,13
as2border2:GigabitEthernet1/0, random-2,2, crystal-net, 7, 1, 38, 53,7
as2border2:GigabitEthernet1/0, random-2,2, empty, 0, 0, 0, 0,0
as2border2:GigabitEthernet1/0, random-2,2, heimdall, 13, 1, 65, 70,13
as2border2:GigabitEthernet1/0, random-2,2, heimdall_end_nodes, 13, 1, 65, 70,13
as2border2:GigabitEthernet1/0, random-2,2, heimdall_interface, 33, 0, 32, 50,32
as2border2:GigabitEthernet1/0, random-2,2, heimdall_intersect, 13, 1, 65, 70,13
as2border2:GigabitEthernet1/0, random-2,2, heimdall_intersect2, 13, 1, 65, 70,13
as2border2:GigabitEthernet1/0, random-2,2, neighbor, 3, 0, 17, 38,3
as2border2:GigabitEthernet2/0, complete,14, base, 13, 1, 65, 58,13
as2border2:GigabitEthernet2/0, complete,14, crystal-net, 11, 1, 57, 56,11
as2border2:GigabitEthernet2/0, complete,14, empty, 0, 0, 0, 0,0
as2border2:GigabitEthernet2/0, complete,14, heimdall, 13, 1, 65, 58,13
as2border2:GigabitEthernet2/0, complete,14, heimdall_end_nodes, 13, 1, 65, 58,13
as2border2:GigabitEthernet2/0, complete,14, heimdall_interface, 35, 0, 34, 38,34
as2border2:GigabitEthernet2/0, complete,14, heimdall_intersect, 3, 0, 13, 19,3
as2border2:GigabitEthernet2/0, complete,14, heimdall_intersect2, 13, 1, 65, 58,13
as2border2:GigabitEthernet2/0, complete,14, heimdall_intersect3, 7, 1, 34, 40,7
as2border2:GigabitEthernet2/0, complete,14, heimdall_intersect4, 10, 1, 51, 52,10
as2border2:GigabitEthernet2/0, complete,14, neighbor, 8, 0, 43, 52,8
as2border2:GigabitEthernet2/0, random-2,2, base, 13, 1, 65, 58,13
as2border2:GigabitEthernet2/0, random-2,2, crystal-net, 6, 1, 30, 29,6
as2border2:GigabitEthernet2/0, random-2,2, empty, 0, 0, 0, 0,0
as2border2:GigabitEthernet2/0, random-2,2, heimdall, 13, 1, 65, 58,13
as2border2:GigabitEthernet2/0, random-2,2, heimdall_end_nodes, 13, 1, 65, 58,13
as2border2:GigabitEthernet2/0, random-2,2, heimdall_interface, 35, 0, 34, 38,34
as2border2:GigabitEthernet2/0, random-2,2, heimdall_intersect, 4, 1, 18, 24,4
as2border2:GigabitEthernet2/0, random-2,2, heimdall_intersect2, 4, 1, 18, 24,4
as2border2:GigabitEthernet2/0, random-2,2, neighbor, 4, 0, 21, 19,4
as2border2:Loopback0, complete,14, base, 13, 1, 65, 64,13
as2border2:Loopback0, complete,14, crystal-net, 11, 1, 57, 62,11
as2border2:Loopback0, complete,14, empty, 0, 0, 0, 0,0
as2border2:Loopback0, complete,14, heimdall, 13, 1, 65, 64,13
as2border2:Loopback0, complete,14, heimdall_end_nodes, 13, 1, 65, 64,13
as2border2:Loopback0, complete,14, heimdall_interface, 37, 0, 36, 39,36
as2border2:Loopback0, complete,14, heimdall_intersect, 4, 0, 19, 33,4
as2border2:Loopback0, complete,14, heimdall_intersect2, 13, 1, 65, 64,13
as2border2:Loopback0, complete,14, heimdall_intersect3, 7, 1, 34, 43,7
as2border2:Loopback0, complete,14, heimdall_intersect4, 10, 1, 51, 58,10
as2border2:Loopback0, complete,14, neighbor, 8, 0, 43, 57,8
as2border2:Loopback0, random-2,2, base, 13, 1, 65, 64,13
as2border2:Loopback0, random-2,2, crystal-net, 6, 1, 30, 32,6
as2border2:Loopback0, random-2,2, empty, 0, 0, 0, 0,0
as2border2:Loopback0, random-2,2, heimdall, 13, 1, 65, 64,13
as2border2:Loopback0, random-2,2, heimdall_end_nodes, 13, 1, 65, 64,13
as2border2:Loopback0, random-2,2, heimdall_interface, 37, 0, 36, 39,36
as2border2:Loopback0, random-2,2, heimdall_intersect, 5, 1, 24, 33,5
as2border2:Loopback0, random-2,2, heimdall_intersect2, 5, 1, 24, 33,5
as2border2:Loopback0, random-2,2, neighbor, 4, 0, 21, 22,4
as2core1:GigabitEthernet0/0, complete,15, base, 13, 1, 65, 60,13
as2core1:GigabitEthernet0/0, complete,15, crystal-net, 11, 1, 55, 58,11
as2core1:GigabitEthernet0/0, complete,15, empty, 0, 0, 0, 0,0
as2core1:GigabitEthernet0/0, complete,15, heimdall, 13, 1, 65, 60,13
as2core1:GigabitEthernet0/0, complete,15, heimdall_end_nodes, 13, 1, 65, 60,13
as2core1:GigabitEthernet0/0, complete,15, heimdall_interface, 36, 0, 35, 44,35
as2core1:GigabitEthernet0/0, complete,15, heimdall_intersect, 3, 0, 14, 16,3
as2core1:GigabitEthernet0/0, complete,15, heimdall_intersect2, 13, 1, 65, 60,13
as2core1:GigabitEthernet0/0, complete,15, heimdall_intersect3, 7, 0, 35, 41,7
as2core1:GigabitEthernet0/0, complete,15, heimdall_intersect4, 10, 1, 52, 49,10
as2core1:GigabitEthernet0/0, complete,15, neighbor, 8, 1, 41, 58,8
as2core1:GigabitEthernet0/0, random-2,2, base, 13, 1, 65, 60,13
as2core1:GigabitEthernet0/0, random-2,2, crystal-net, 2, 0, 9, 17,2
as2core1:GigabitEthernet0/0, random-2,2, empty, 0, 0, 0, 0,0
as2core1:GigabitEthernet0/0, random-2,2, heimdall, 7, 0, 32, 36,7
as2core1:GigabitEthernet0/0, random-2,2, heimdall_end_nodes, 7, 0, 32, 36,7
as2core1:GigabitEthernet0/0, random-2,2, heimdall_interface, 13, 0, 13, 25,13
as2core1:GigabitEthernet0/0, random-2,2, heimdall_intersect, 7, 0, 32, 36,7
as2core1:GigabitEthernet0/0, random-2,2, heimdall_intersect2, 7, 0, 32, 36,7
as2core1:GigabitEthernet0/0, random-2,2, neighbor, 2, 0, 9, 17,2
as2core1:GigabitEthernet1/0, complete,14, base, 13, 1, 65, 58,13
as2core1:GigabitEthernet1/0, complete,14, crystal-net, 11, 1, 57, 56,11
as2core1:GigabitEthernet1/0, complete,14, empty, 0, 0, 0, 0,0
as2core1:GigabitEthernet1/0, complete,14, heimdall, 13, 1, 65, 58,13
as2core1:GigabitEthernet1/0, complete,14, heimdall_end_nodes, 13, 1, 65, 58,13
as2core1:GigabitEthernet1/0, complete,14, heimdall_interface, 35, 0, 34, 38,34
as2core1:GigabitEthernet1/0, complete,14, heimdall_intersect, 3, 0, 13, 19,3
as2core1:GigabitEthernet1/0, complete,14, heimdall_intersect2, 13, 1, 65, 58,13
as2core1:GigabitEthernet1/0, complete,14, heimdall_intersect3, 7, 0, 34, 40,7
as2core1:GigabitEthernet1/0, complete,14, heimdall_intersect4, 10, 1, 51, 52,10
as2core1:GigabitEthernet1/0, complete,14, neighbor, 8, 1, 43, 52,8
as2core1:GigabitEthernet1/0, random-2,2, base, 13, 1, 65, 58,13
as2core1:GigabitEthernet1/0, random-2,2, crystal-net, 6, 0, 30, 29,6
as2core1:GigabitEthernet1/0, random-2,2, empty, 0, 0, 0, 0,0
as2core1:GigabitEthernet1/0, random-2,2, heimdall, 13, 1, 65, 58,13
as2core1:GigabitEthernet1/0, random-2,2, heimdall_end_nodes, 13, 1, 65, 58,13
as2core1:GigabitEthernet1/0, random-2,2, heimdall_interface, 35, 0, 34, 38,34
as2core1:GigabitEthernet1/0, random-2,2, heimdall_intersect, 4, 0, 18, 24,4
as2core1:GigabitEthernet1/0, random-2,2, heimdall_intersect2, 4, 0, 18, 24,4
as2core1:GigabitEthernet1/0, random-2,2, neighbor, 4, 0, 21, 19,4
as2core1:GigabitEthernet2/0, complete,6, base, 13, 1, 65, 70,13
as2core1:GigabitEthernet2/0, complete,6, crystal-net, 7, 1, 38, 53,7
as2core1:GigabitEthernet2/0, complete,6, empty, 0, 0, 0, 0,0
as2core1:GigabitEthernet2/0, complete,6, heimdall, 13, 1, 65, 70,13
as2core1:GigabitEthernet2/0, complete,6, heimdall_end_nodes, 13, 1, 65, 70,13
as2core1:GigabitEthernet2/0, complete,6, heimdall_interface, 34, 0, 33, 54,33
as2core1:GigabitEthernet2/0, complete,6, heimdall_intersect, 7, 1, 38, 53,7
as2core1:GigabitEthernet2/0, complete,6, heimdall_intersect2, 13, 1, 65, 70,13
as2core1:GigabitEthernet2/0, complete,6, heimdall_intersect3, 13, 1, 65, 70,13
as2core1:GigabitEthernet2/0, complete,6, heimdall_intersect4, 13, 1, 65, 70,13
as2core1:GigabitEthernet2/0, complete,6, neighbor, 5, 1, 28, 49,5
as2core1:GigabitEthernet2/0, random-2,2, base, 13, 1, 65, 70,13
as2core1:GigabitEthernet2/0, random-2,2, crystal-net, 7, 1, 38, 53,7
as2core1:GigabitEthernet2/0, random-2,2, empty, 0, 0, 0, 0,0
as2core1:GigabitEthernet2/0, random-2,2, heimdall, 13, 1, 65, 70,13
as2core1:GigabitEthernet2/0, random-2,2, heimdall_end_nodes, 13, 1, 65, 70,13
as2core1:GigabitEthernet2/0, random-2,2, heimdall_interface, 34, 0, 33, 54,33
as2core1:GigabitEthernet2/0, random-2,2, heimdall_intersect, 13, 1, 65, 70,13
as2core1:GigabitEthernet2/0, random-2,2, heimdall_intersect2, 13, 1, 65, 70,13
as2core1:GigabitEthernet2/0, random-2,2, neighbor, 3, 0, 17, 45,3
as2core1:GigabitEthernet3/0, complete,6, base, 13, 1, 65, 70,13
as2core1:GigabitEthernet3/0, complete,6, crystal-net, 7, 1, 38, 53,7
as2core1:GigabitEthernet3/0, complete,6, empty, 0, 0, 0, 0,0
as2core1:GigabitEthernet3/0, complete,6, heimdall, 13, 1, 65, 70,13
as2core1:GigabitEthernet3/0, complete,6, heimdall_end_nodes, 13, 1, 65, 70,13
as2core1:GigabitEthernet3/0, complete,6, heimdall_interface, 34, 0, 33, 54,33
as2core1:GigabitEthernet3/0, complete,6, heimdall_intersect, 7, 1, 38, 53,7
as2core1:GigabitEthernet3/0, complete,6, heimdall_intersect2, 13, 1, 65, 70,13
as2core1:GigabitEthernet3/0, complete,6, heimdall_intersect3, 13, 1, 65, 70,13
as2core1:GigabitEthernet3/0, complete,6, heimdall_intersect4, 13, 1, 65, 70,13
as2core1:GigabitEthernet3/0, complete,6, neighbor, 5, 1, 28, 49,5
as2core1:GigabitEthernet3/0, random-2,2, base, 13, 1, 65, 70,13
as2core1:GigabitEthernet3/0, random-2,2, crystal-net, 7, 1, 38, 53,7
as2core1:GigabitEthernet3/0, random-2,2, empty, 0, 0, 0, 0,0
as2core1:GigabitEthernet3/0, random-2,2, heimdall, 7, 1, 38, 53,7
as2core1:GigabitEthernet3/0, random-2,2, heimdall_end_nodes, 7, 1, 38, 53,7
as2core1:GigabitEthernet3/0, random-2,2, heimdall_interface, 21, 0, 21, 37,21
as2core1:GigabitEthernet3/0, random-2,2, heimdall_intersect, 7, 1, 38, 53,7
as2core1:GigabitEthernet3/0, random-2,2, heimdall_intersect2, 7, 1, 38, 53,7
as2core1:GigabitEthernet3/0, random-2,2, neighbor, 3, 0, 17, 41,3
as2core1:Loopback0, complete,17, base, 13, 1, 65, 41,13
as2core1:Loopback0, complete,17, crystal-net, 13, 1, 65, 41,13
as2core1:Loopback0, complete,17, empty, 0, 0, 0, 0,0
as2core1:Loopback0, complete,17, heimdall, 13, 1, 65, 41,13
as2core1:Loopback0, complete,17, heimdall_end_nodes, 13, 1, 65, 41,13
as2core1:Loopback0, complete,17, heimdall_interface, 37, 0, 37, 21,37
as2core1:Loopback0, complete,17, heimdall_intersect, 0, 0, 0, 0,0
as2core1:Loopback0, complete,17, heimdall_intersect2, 13, 1, 65, 41,13
as2core1:Loopback0, complete,17, heimdall_intersect3, 5, 0, 26, 19,5
as2core1:Loopback0, complete,17, heimdall_intersect4, 13, 1, 65, 41,13
as2core1:Loopback0, complete,17, neighbor, 9, 1, 47, 36,9
as2core1:Loopback0, random-2,2, base, 13, 1, 65, 41,13
as2core1:Loopback0, random-2,2, crystal-net, 2, 0, 9, 13,2
as2core1:Loopback0, random-2,2, empty, 0, 0, 0, 0,0
as2core1:Loopback0, random-2,2, heimdall, 7, 0, 32, 22,7
as2core1:Loopback0, random-2,2, heimdall_end_nodes, 7, 0, 32, 22,7
as2core1:Loopback0, random-2,2, heimdall_interface, 13, 0, 13, 17,13
as2core1:Loopback0, random-2,2, heimdall_intersect, 7, 0, 32, 22,7
as2core1:Loopback0, random-2,2, heimdall_intersect2, 7, 0, 32, 22,7
as2core1:Loopback0, random-2,2, neighbor, 2, 0, 9, 13,2
as2core2:GigabitEthernet0/0, complete,6, base, 13, 1, 65, 70,13
as2core2:GigabitEthernet0/0, complete,6, crystal-net, 7, 1, 38, 53,7
as2core2:GigabitEthernet0/0, complete,6, empty, 0, 0, 0, 0,0
as2core2:GigabitEthernet0/0, complete,6, heimdall, 13, 1, 65, 70,13
as2core2:GigabitEthernet0/0, complete,6, heimdall_end_nodes, 13, 1, 65, 70,13
as2core2:GigabitEthernet0/0, complete,6, heimdall_interface, 33, 0, 32, 50,32
as2core2:GigabitEthernet0/0, complete,6, heimdall_intersect, 13, 1, 65, 70,13
as2core2:GigabitEthernet0/0, complete,6, heimdall_intersect2, 13, 1, 65, 70,13
as2core2:GigabitEthernet0/0, complete,6, heimdall_intersect3, 13, 1, 65, 70,13
as2core2:GigabitEthernet0/0, complete,6, heimdall_intersect4, 13, 1, 65, 70,13
as2core2:GigabitEthernet0/0, complete,6, neighbor, 5, 1, 28, 49,5
as2core2:GigabitEthernet0/0, random-2,2, base, 13, 1, 65, 70,13
as2core2:GigabitEthernet0/0, random-2,2, crystal-net, 7, 1, 38, 53,7
as2core2:GigabitEthernet0/0, random-2,2, empty, 0, 0, 0, 0,0
as2core2:GigabitEthernet0/0, random-2,2, heimdall, 13, 1, 65, 70,13
as2core2:GigabitEthernet0/0, random-2,2, heimdall_end_nodes, 13, 1, 65, 70,13
as2core2:GigabitEthernet0/0, random-2,2, heimdall_interface, 33, 0, 32, 50,32
as2core2:GigabitEthernet0/0, random-2,2, heimdall_intersect, 13, 1, 65, 70,13
as2core2:GigabitEthernet0/0, random-2,2, heimdall_intersect2, 13, 1, 65, 70,13
as2core2:GigabitEthernet0/0, random-2,2, neighbor, 3, 1, 17, 38,3
as2core2:GigabitEthernet1/0, complete,6, base, 13, 1, 65, 70,13
as2core2:GigabitEthernet1/0, complete,6, crystal-net, 7, 1, 38, 53,7
as2core2:GigabitEthernet1/0, complete,6, empty, 0, 0, 0, 0,0
as2core2:GigabitEthernet1/0, complete,6, heimdall, 13, 1, 65, 70,13
as2core2:GigabitEthernet1/0, complete,6, heimdall_end_nodes, 13, 1, 65, 70,13
as2core2:GigabitEthernet1/0, complete,6, heimdall_interface, 33, 0, 32, 54,32
as2core2:GigabitEthernet1/0, complete,6, heimdall_intersect, 13, 1, 65, 70,13
as2core2:GigabitEthernet1/0, complete,6, heimdall_intersect2, 13, 1, 65, 70,13
as2core2:GigabitEthernet1/0, complete,6, heimdall_intersect3, 13, 1, 65, 70,13
as2core2:GigabitEthernet1/0, complete,6, heimdall_intersect4, 13, 1, 65, 70,13
as2core2:GigabitEthernet1/0, complete,6, neighbor, 5, 1, 28, 53,5
as2core2:GigabitEthernet1/0, random-2,2, base, 13, 1, 65, 70,13
as2core2:GigabitEthernet1/0, random-2,2, crystal-net, 7, 1, 38, 53,7
as2core2:GigabitEthernet1/0, random-2,2, empty, 0, 0, 0, 0,0
as2core2:GigabitEthernet1/0, random-2,2, heimdall, 13, 1, 65, 70,13
as2core2:GigabitEthernet1/0, random-2,2, heimdall_end_nodes, 13, 1, 65, 70,13
as2core2:GigabitEthernet1/0, random-2,2, heimdall_interface, 33, 0, 32, 54,32
as2core2:GigabitEthernet1/0, random-2,2, heimdall_intersect, 13, 1, 65, 70,13
as2core2:GigabitEthernet1/0, random-2,2, heimdall_intersect2, 13, 1, 65, 70,13
as2core2:GigabitEthernet1/0, random-2,2, neighbor, 3, 1, 17, 38,3
as2core2:GigabitEthernet2/0, complete,6, base, 13, 1, 65, 70,13
as2core2:GigabitEthernet2/0, complete,6, crystal-net, 7, 1, 38, 53,7
as2core2:GigabitEthernet2/0, complete,6, empty, 0, 0, 0, 0,0
as2core2:GigabitEthernet2/0, complete,6, heimdall, 13, 1, 65, 70,13
as2core2:GigabitEthernet2/0, complete,6, heimdall_end_nodes, 13, 1, 65, 70,13
as2core2:GigabitEthernet2/0, complete,6, heimdall_interface, 34, 0, 33, 54,33
as2core2:GigabitEthernet2/0, complete,6, heimdall_intersect, 13, 1, 65, 70,13
as2core2:GigabitEthernet2/0, complete,6, heimdall_intersect2, 13, 1, 65, 70,13
as2core2:GigabitEthernet2/0, complete,6, heimdall_intersect3, 13, 1, 65, 70,13
as2core2:GigabitEthernet2/0, complete,6, heimdall_intersect4, 13, 1, 65, 70,13
as2core2:GigabitEthernet2/0, complete,6, neighbor, 5, 1, 28, 49,5
as2core2:GigabitEthernet2/0, random-2,2, base, 13, 1, 65, 70,13
as2core2:GigabitEthernet2/0, random-2,2, crystal-net, 7, 1, 38, 53,7
as2core2:GigabitEthernet2/0, random-2,2, empty, 0, 0, 0, 0,0
as2core2:GigabitEthernet2/0, random-2,2, heimdall, 13, 1, 65, 70,13
as2core2:GigabitEthernet2/0, random-2,2, heimdall_end_nodes, 13, 1, 65, 70,13
as2core2:GigabitEthernet2/0, random-2,2, heimdall_interface, 33, 0, 33, 54,33
as2core2:GigabitEthernet2/0, random-2,2, heimdall_intersect, 13, 1, 65, 70,13
as2core2:GigabitEthernet2/0, random-2,2, heimdall_intersect2, 13, 1, 65, 70,13
as2core2:GigabitEthernet2/0, random-2,2, neighbor, 2, 0, 11, 37,2
as2core2:GigabitEthernet3/0, complete,6, base, 13, 1, 65, 70,13
as2core2:GigabitEthernet3/0, complete,6, crystal-net, 7, 1, 38, 53,7
as2core2:GigabitEthernet3/0, complete,6, empty, 0, 0, 0, 0,0
as2core2:GigabitEthernet3/0, complete,6, heimdall, 13, 1, 65, 70,13
as2core2:GigabitEthernet3/0, complete,6, heimdall_end_nodes, 13, 1, 65, 70,13
as2core2:GigabitEthernet3/0, complete,6, heimdall_interface, 34, 0, 33, 54,33
as2core2:GigabitEthernet3/0, complete,6, heimdall_intersect, 13, 1, 65, 70,13
as2core2:GigabitEthernet3/0, complete,6, heimdall_intersect2, 13, 1, 65, 70,13
as2core2:GigabitEthernet3/0, complete,6, heimdall_intersect3, 13, 1, 65, 70,13
as2core2:GigabitEthernet3/0, complete,6, heimdall_intersect4, 13, 1, 65, 70,13
as2core2:GigabitEthernet3/0, complete,6, neighbor, 5, 1, 28, 49,5
as2core2:GigabitEthernet3/0, random-2,2, base, 13, 1, 65, 70,13
as2core2:GigabitEthernet3/0, random-2,2, crystal-net, 7, 1, 38, 53,7
as2core2:GigabitEthernet3/0, random-2,2, empty, 0, 0, 0, 0,0
as2core2:GigabitEthernet3/0, random-2,2, heimdall, 13, 1, 65, 70,13
as2core2:GigabitEthernet3/0, random-2,2, heimdall_end_nodes, 13, 1, 65, 70,13
as2core2:GigabitEthernet3/0, random-2,2, heimdall_interface, 34, 0, 33, 54,33
as2core2:GigabitEthernet3/0, random-2,2, heimdall_intersect, 13, 1, 65, 70,13
as2core2:GigabitEthernet3/0, random-2,2, heimdall_intersect2, 13, 1, 65, 70,13
as2core2:GigabitEthernet3/0, random-2,2, neighbor, 3, 1, 17, 38,3
as2core2:Loopback0, complete,6, base, 13, 1, 65, 65,13
as2core2:Loopback0, complete,6, crystal-net, 7, 1, 38, 48,7
as2core2:Loopback0, complete,6, empty, 0, 0, 0, 0,0
as2core2:Loopback0, complete,6, heimdall, 13, 1, 65, 65,13
as2core2:Loopback0, complete,6, heimdall_end_nodes, 13, 1, 65, 65,13
as2core2:Loopback0, complete,6, heimdall_interface, 35, 0, 34, 45,34
as2core2:Loopback0, complete,6, heimdall_intersect, 13, 1, 65, 65,13
as2core2:Loopback0, complete,6, heimdall_intersect2, 13, 1, 65, 65,13
as2core2:Loopback0, complete,6, heimdall_intersect3, 13, 1, 65, 65,13
as2core2:Loopback0, complete,6, heimdall_intersect4, 13, 1, 65, 65,13
as2core2:Loopback0, complete,6, neighbor, 5, 1, 28, 43,5
as2core2:Loopback0, random-2,2, base, 13, 1, 65, 65,13
as2core2:Loopback0, random-2,2, crystal-net, 7, 1, 38, 48,7
as2core2:Loopback0, random-2,2, empty, 0, 0, 0, 0,0
as2core2:Loopback0, random-2,2, heimdall, 13, 1, 65, 65,13
as2core2:Loopback0, random-2,2, heimdall_end_nodes, 13, 1, 65, 65,13
as2core2:Loopback0, random-2,2, heimdall_interface, 35, 0, 34, 45,34
as2core2:Loopback0, random-2,2, heimdall_intersect, 13, 1, 65, 65,13
as2core2:Loopback0, random-2,2, heimdall_intersect2, 13, 1, 65, 65,13
as2core2:Loopback0, random-2,2, neighbor, 3, 1, 17, 33,3
as2dept1:GigabitEthernet0/0, complete,9, base, 13, 1, 65, 70,13
as2dept1:GigabitEthernet0/0, complete,9, crystal-net, 7, 1, 38, 53,7
as2dept1:GigabitEthernet0/0, complete,9, empty, 0, 0, 0, 0,0
as2dept1:GigabitEthernet0/0, complete,9, heimdall, 13, 1, 65, 70,13
as2dept1:GigabitEthernet0/0, complete,9, heimdall_end_nodes, 13, 1, 65, 70,13
as2dept1:GigabitEthernet0/0, complete,9, heimdall_interface, 34, 0, 33, 45,33
as2dept1:GigabitEthernet0/0, complete,9, heimdall_intersect, 0, 0, 0, 0,0
as2dept1:GigabitEthernet0/0, complete,9, heimdall_intersect2, 13, 1, 65, 70,13
as2dept1:GigabitEthernet0/0, complete,9, heimdall_intersect3, 9, 1, 43, 55,9
as2dept1:GigabitEthernet0/0, complete,9, heimdall_intersect4, 13, 1, 65, 70,13
as2dept1:GigabitEthernet0/0, complete,9, neighbor, 5, 1, 28, 48,5
as2dept1:GigabitEthernet0/0, random-2,2, base, 13, 1, 65, 70,13
as2dept1:GigabitEthernet0/0, random-2,2, crystal-net, 6, 1, 33, 48,6
as2dept1:GigabitEthernet0/0, random-2,2, empty, 0, 0, 0, 0,0
as2dept1:GigabitEthernet0/0, random-2,2, heimdall, 12, 1, 60, 65,12
as2dept1:GigabitEthernet0/0, random-2,2, heimdall_end_nodes, 8, 1, 38, 50,8
as2dept1:GigabitEthernet0/0, random-2,2, heimdall_interface, 25, 0, 24, 45,24
as2dept1:GigabitEthernet0/0, random-2,2, heimdall_intersect, 8, 1, 38, 50,8
as2dept1:GigabitEthernet0/0, random-2,2, heimdall_intersect2, 8, 1, 38, 50,8
as2dept1:GigabitEthernet0/0, random-2,2, neighbor, 1, 1, 6, 28,1
as2dept1:GigabitEthernet1/0, complete,9, base, 13, 1, 65, 70,13
as2dept1:GigabitEthernet1/0, complete,9, crystal-net, 7, 1, 38, 53,7
as2dept1:GigabitEthernet1/0, complete,9, empty, 0, 0, 0, 0,0
as2dept1:GigabitEthernet1/0, complete,9, heimdall, 13, 1, 65, 70,13
as2dept1:GigabitEthernet1/0, complete,9, heimdall_end_nodes, 13, 1, 65, 70,13
as2dept1:GigabitEthernet1/0, complete,9, heimdall_interface, 34, 0, 33, 45,33
as2dept1:GigabitEthernet1/0, complete,9, heimdall_intersect, 0, 0, 0, 0,0
as2dept1:GigabitEthernet1/0, complete,9, heimdall_intersect2, 13, 1, 65, 70,13
as2dept1:GigabitEthernet1/0, complete,9, heimdall_intersect3, 9, 1, 43, 55,9
as2dept1:GigabitEthernet1/0, complete,9, heimdall_intersect4, 13, 1, 65, 70,13
as2dept1:GigabitEthernet1/0, complete,9, neighbor, 5, 1, 28, 48,5
as2dept1:GigabitEthernet1/0, random-2,2, base, 13, 1, 65, 70,13
as2dept1:GigabitEthernet1/0, random-2,2, crystal-net, 7, 1, 38, 53,7
as2dept1:GigabitEthernet1/0, random-2,2, empty, 0, 0, 0, 0,0
as2dept1:GigabitEthernet1/0, random-2,2, heimdall, 13, 1, 65, 70,13
as2dept1:GigabitEthernet1/0, random-2,2, heimdall_end_nodes, 13, 1, 65, 70,13
as2dept1:GigabitEthernet1/0, random-2,2, heimdall_interface, 34, 0, 33, 45,33
as2dept1:GigabitEthernet1/0, random-2,2, heimdall_intersect, 8, 1, 38, 50,8
as2dept1:GigabitEthernet1/0, random-2,2, heimdall_intersect2, 8, 1, 38, 50,8
as2dept1:GigabitEthernet1/0, random-2,2, neighbor, 3, 1, 17, 38,3
as2dept1:GigabitEthernet2/0, complete,17, base, 13, 1, 65, 56,13
as2dept1:GigabitEthernet2/0, complete,17, crystal-net, 13, 1, 65, 56,13
as2dept1:GigabitEthernet2/0, complete,17, empty, 0, 0, 0, 0,0
as2dept1:GigabitEthernet2/0, complete,17, heimdall, 13, 1, 65, 56,13
as2dept1:GigabitEthernet2/0, complete,17, heimdall_end_nodes, 13, 1, 65, 56,13
as2dept1:GigabitEthernet2/0, complete,17, heimdall_interface, 37, 0, 36, 31,36
as2dept1:GigabitEthernet2/0, complete,17, heimdall_intersect, 0, 0, 0, 0,0
as2dept1:GigabitEthernet2/0, complete,17, heimdall_intersect2, 13, 1, 65, 56,13
as2dept1:GigabitEthernet2/0, complete,17, heimdall_intersect3, 11, 1, 53, 46,11
as2dept1:GigabitEthernet2/0, complete,17, heimdall_intersect4, 13, 1, 65, 56,13
as2dept1:GigabitEthernet2/0, complete,17, neighbor, 9, 1, 47, 51,9
as2dept1:GigabitEthernet2/0, random-2,2, base, 13, 1, 65, 56,13
as2dept1:GigabitEthernet2/0, random-2,2, crystal-net, 2, 0, 9, 15,2
as2dept1:GigabitEthernet2/0, random-2,2, empty, 0, 0, 0, 0,0
as2dept1:GigabitEthernet2/0, random-2,2, heimdall, 12, 1, 60, 56,12
as2dept1:GigabitEthernet2/0, random-2,2, heimdall_end_nodes, 8, 1, 38, 36,8
as2dept1:GigabitEthernet2/0, random-2,2, heimdall_interface, 27, 0, 26, 31,26
as2dept1:GigabitEthernet2/0, random-2,2, heimdall_intersect, 8, 1, 38, 36,8
as2dept1:GigabitEthernet2/0, random-2,2, heimdall_intersect2, 8, 1, 38, 36,8
as2dept1:GigabitEthernet2/0, random-2,2, neighbor, 2, 0, 9, 15,2
as2dept1:GigabitEthernet3/0, complete,17, base, 13, 1, 65, 56,13
as2dept1:GigabitEthernet3/0, complete,17, crystal-net, 13, 1, 65, 56,13
as2dept1:GigabitEthernet3/0, complete,17, empty, 0, 0, 0, 0,0
as2dept1:GigabitEthernet3/0, complete,17, heimdall, 13, 1, 65, 56,13
as2dept1:GigabitEthernet3/0, complete,17, heimdall_end_nodes, 13, 1, 65, 56,13
as2dept1:GigabitEthernet3/0, complete,17, heimdall_interface, 37, 0, 36, 31,36
as2dept1:GigabitEthernet3/0, complete,17, heimdall_intersect, 0, 0, 0, 0,0
as2dept1:GigabitEthernet3/0, complete,17, heimdall_intersect2, 13, 1, 65, 56,13
as2dept1:GigabitEthernet3/0, complete,17, heimdall_intersect3, 11, 1, 53, 46,11
as2dept1:GigabitEthernet3/0, complete,17, heimdall_intersect4, 13, 1, 65, 56,13
as2dept1:GigabitEthernet3/0, complete,17, neighbor, 9, 1, 47, 51,9
as2dept1:GigabitEthernet3/0, random-2,2, base, 13, 1, 65, 56,13
as2dept1:GigabitEthernet3/0, random-2,2, crystal-net, 2, 0, 9, 15,2
as2dept1:GigabitEthernet3/0, random-2,2, empty, 0, 0, 0, 0,0
as2dept1:GigabitEthernet3/0, random-2,2, heimdall, 12, 1, 60, 56,12
as2dept1:GigabitEthernet3/0, random-2,2, heimdall_end_nodes, 8, 1, 38, 36,8
as2dept1:GigabitEthernet3/0, random-2,2, heimdall_interface, 27, 0, 26, 31,26
as2dept1:GigabitEthernet3/0, random-2,2, heimdall_intersect, 8, 1, 38, 36,8
as2dept1:GigabitEthernet3/0, random-2,2, heimdall_intersect2, 8, 1, 38, 36,8
as2dept1:GigabitEthernet3/0, random-2,2, neighbor, 2, 0, 9, 15,2
as2dept1:Loopback0, complete,6, base, 13, 1, 65, 70,13
as2dept1:Loopback0, complete,6, crystal-net, 7, 1, 38, 53,7
as2dept1:Loopback0, complete,6, empty, 0, 0, 0, 0,0
as2dept1:Loopback0, complete,6, heimdall, 13, 1, 65, 70,13
as2dept1:Loopback0, complete,6, heimdall_end_nodes, 9, 1, 43, 55,9
as2dept1:Loopback0, complete,6, heimdall_interface, 31, 0, 30, 45,30
as2dept1:Loopback0, complete,6, heimdall_intersect, 9, 1, 43, 55,9
as2dept1:Loopback0, complete,6, heimdall_intersect2, 9, 1, 43, 55,9
as2dept1:Loopback0, complete,6, heimdall_intersect3, 9, 1, 43, 55,9
as2dept1:Loopback0, complete,6, heimdall_intersect4, 9, 1, 43, 55,9
as2dept1:Loopback0, complete,6, neighbor, 3, 1, 16, 38,3
as2dept1:Loopback0, random-2,2, base, 13, 1, 65, 70,13
as2dept1:Loopback0, random-2,2, crystal-net, 7, 1, 38, 53,7
as2dept1:Loopback0, random-2,2, empty, 0, 0, 0, 0,0
as2dept1:Loopback0, random-2,2, heimdall, 13, 1, 65, 70,13
as2dept1:Loopback0, random-2,2, heimdall_end_nodes, 9, 1, 43, 55,9
as2dept1:Loopback0, random-2,2, heimdall_interface, 31, 0, 30, 45,30
as2dept1:Loopback0, random-2,2, heimdall_intersect, 9, 1, 43, 55,9
as2dept1:Loopback0, random-2,2, heimdall_intersect2, 9, 1, 43, 55,9
as2dept1:Loopback0, random-2,2, neighbor, 1, 1, 6, 28,1
as2dist1:GigabitEthernet0/0, complete,3, base, 13, 1, 65, 70,13
as2dist1:GigabitEthernet0/0, complete,3, crystal-net, 7, 1, 38, 53,7
as2dist1:GigabitEthernet0/0, complete,3, empty, 0, 0, 0, 0,0
as2dist1:GigabitEthernet0/0, complete,3, heimdall, 7, 1, 38, 53,7
as2dist1:GigabitEthernet0/0, complete,3, heimdall_end_nodes, 7, 1, 38, 53,7
as2dist1:GigabitEthernet0/0, complete,3, heimdall_interface, 20, 0, 20, 37,20
as2dist1:GigabitEthernet0/0, complete,3, heimdall_intersect, 1, 0, 6, 29,1
as2dist1:GigabitEthernet0/0, complete,3, heimdall_intersect2, 7, 1, 38, 53,7
as2dist1:GigabitEthernet0/0, complete,3, heimdall_intersect3, 7, 1, 38, 53,7
as2dist1:GigabitEthernet0/0, complete,3, heimdall_intersect4, 7, 1, 38, 53,7
as2dist1:GigabitEthernet0/0, complete,3, neighbor, 4, 1, 23, 45,4
as2dist1:GigabitEthernet0/0, random-2,2, base, 13, 1, 65, 70,13
as2dist1:GigabitEthernet0/0, random-2,2, crystal-net, 7, 1, 38, 53,7
as2dist1:GigabitEthernet0/0, random-2,2, empty, 0, 0, 0, 0,0
as2dist1:GigabitEthernet0/0, random-2,2, heimdall, 7, 1, 38, 53,7
as2dist1:GigabitEthernet0/0, random-2,2, heimdall_end_nodes, 7, 1, 38, 53,7
as2dist1:GigabitEthernet0/0, random-2,2, heimdall_interface, 20, 0, 20, 37,20
as2dist1:GigabitEthernet0/0, random-2,2, heimdall_intersect, 7, 1, 38, 53,7
as2dist1:GigabitEthernet0/0, random-2,2, heimdall_intersect2, 7, 1, 38, 53,7
as2dist1:GigabitEthernet0/0, random-2,2, neighbor, 3, 1, 17, 41,3
as2dist1:GigabitEthernet1/0, complete,6, base, 13, 1, 65, 70,13
as2dist1:GigabitEthernet1/0, complete,6, crystal-net, 7, 1, 38, 53,7
as2dist1:GigabitEthernet1/0, complete,6, empty, 0, 0, 0, 0,0
as2dist1:GigabitEthernet1/0, complete,6, heimdall, 13, 1, 65, 70,13
as2dist1:GigabitEthernet1/0, complete,6, heimdall_end_nodes, 13, 1, 65, 70,13
as2dist1:GigabitEthernet1/0, complete,6, heimdall_interface, 34, 0, 33, 54,33
as2dist1:GigabitEthernet1/0, complete,6, heimdall_intersect, 1, 0, 6, 5,1
as2dist1:GigabitEthernet1/0, complete,6, heimdall_intersect2, 13, 1, 65, 70,13
as2dist1:GigabitEthernet1/0, complete,6, heimdall_intersect3, 13, 1, 65, 70,13
as2dist1:GigabitEthernet1/0, complete,6, heimdall_intersect4, 13, 1, 65, 70,13
as2dist1:GigabitEthernet1/0, complete,6, neighbor, 5, 1, 28, 49,5
as2dist1:GigabitEthernet1/0, random-2,2, base, 13, 1, 65, 70,13
as2dist1:GigabitEthernet1/0, random-2,2, crystal-net, 7, 1, 38, 53,7
as2dist1:GigabitEthernet1/0, random-2,2, empty, 0, 0, 0, 0,0
as2dist1:GigabitEthernet1/0, random-2,2, heimdall, 13, 1, 65, 70,13
as2dist1:GigabitEthernet1/0, random-2,2, heimdall_end_nodes, 13, 1, 65, 70,13
as2dist1:GigabitEthernet1/0, random-2,2, heimdall_interface, 34, 0, 33, 54,33
as2dist1:GigabitEthernet1/0, random-2,2, heimdall_intersect, 13, 1, 65, 70,13
as2dist1:GigabitEthernet1/0, random-2,2, heimdall_intersect2, 13, 1, 65, 70,13
as2dist1:GigabitEthernet1/0, random-2,2, neighbor, 3, 0, 17, 38,3
as2dist1:GigabitEthernet2/0, complete,7, base, 13, 1, 65, 70,13
as2dist1:GigabitEthernet2/0, complete,7, crystal-net, 7, 1, 38, 53,7
as2dist1:GigabitEthernet2/0, complete,7, empty, 0, 0, 0, 0,0
as2dist1:GigabitEthernet2/0, complete,7, heimdall, 13, 1, 65, 70,13
as2dist1:GigabitEthernet2/0, complete,7, heimdall_end_nodes, 13, 1, 65, 70,13
as2dist1:GigabitEthernet2/0, complete,7, heimdall_interface, 34, 0, 33, 45,33
as2dist1:GigabitEthernet2/0, complete,7, heimdall_intersect, 1, 0, 6, 28,1
as2dist1:GigabitEthernet2/0, complete,7, heimdall_intersect2, 13, 1, 65, 70,13
as2dist1:GigabitEthernet2/0, complete,7, heimdall_intersect3, 13, 1, 65, 70,13
as2dist1:GigabitEthernet2/0, complete,7, heimdall_intersect4, 13, 1, 65, 70,13
as2dist1:GigabitEthernet2/0, complete,7, neighbor, 5, 1, 28, 48,5
as2dist1:GigabitEthernet2/0, random-2,2, base, 13, 1, 65, 70,13
as2dist1:GigabitEthernet2/0, random-2,2, crystal-net, 6, 0, 33, 48,6
as2dist1:GigabitEthernet2/0, random-2,2, empty, 0, 0, 0, 0,0
as2dist1:GigabitEthernet2/0, random-2,2, heimdall, 13, 1, 65, 70,13
as2dist1:GigabitEthernet2/0, random-2,2, heimdall_end_nodes, 13, 1, 65, 70,13
as2dist1:GigabitEthernet2/0, random-2,2, heimdall_interface, 33, 0, 32, 45,32
as2dist1:GigabitEthernet2/0, random-2,2, heimdall_intersect, 13, 1, 65, 70,13
as2dist1:GigabitEthernet2/0, random-2,2, heimdall_intersect2, 13, 1, 65, 70,13
as2dist1:GigabitEthernet2/0, random-2,2, neighbor, 3, 0, 17, 38,3
as2dist1:Loopback0, complete,6, base, 13, 1, 65, 65,13
as2dist1:Loopback0, complete,6, crystal-net, 7, 1, 38, 48,7
as2dist1:Loopback0, complete,6, empty, 0, 0, 0, 0,0
as2dist1:Loopback0, complete,6, heimdall, 13, 1, 65, 65,13
as2dist1:Loopback0, complete,6, heimdall_end_nodes, 13, 1, 65, 65,13
as2dist1:Loopback0, complete,6, heimdall_interface, 35, 0, 34, 45,34
as2dist1:Loopback0, complete,6, heimdall_intersect, 7, 1, 38, 48,7
as2dist1:Loopback0, complete,6, heimdall_intersect2, 13, 1, 65, 65,13
as2dist1:Loopback0, complete,6, heimdall_intersect3, 13, 1, 65, 65,13
as2dist1:Loopback0, complete,6, heimdall_intersect4, 13, 1, 65, 65,13
as2dist1:Loopback0, complete,6, neighbor, 5, 1, 28, 43,5
as2dist1:Loopback0, random-2,2, base, 13, 1, 65, 65,13
as2dist1:Loopback0, random-2,2, crystal-net, 7, 1, 38, 48,7
as2dist1:Loopback0, random-2,2, empty, 0, 0, 0, 0,0
as2dist1:Loopback0, random-2,2, heimdall, 13, 1, 65, 65,13
as2dist1:Loopback0, random-2,2, heimdall_end_nodes, 13, 1, 65, 65,13
as2dist1:Loopback0, random-2,2, heimdall_interface, 35, 0, 34, 45,34
as2dist1:Loopback0, random-2,2, heimdall_intersect, 13, 1, 65, 65,13
as2dist1:Loopback0, random-2,2, heimdall_intersect2, 13, 1, 65, 65,13
as2dist1:Loopback0, random-2,2, neighbor, 3, 0, 17, 38,3
as2dist2:GigabitEthernet0/0, complete,6, base, 13, 1, 65, 70,13
as2dist2:GigabitEthernet0/0, complete,6, crystal-net, 7, 1, 38, 53,7
as2dist2:GigabitEthernet0/0, complete,6, empty, 0, 0, 0, 0,0
as2dist2:GigabitEthernet0/0, complete,6, heimdall, 13, 1, 65, 70,13
as2dist2:GigabitEthernet0/0, complete,6, heimdall_end_nodes, 13, 1, 65, 70,13
as2dist2:GigabitEthernet0/0, complete,6, heimdall_interface, 34, 0, 33, 54,33
as2dist2:GigabitEthernet0/0, complete,6, heimdall_intersect, 1, 0, 6, 5,1
as2dist2:GigabitEthernet0/0, complete,6, heimdall_intersect2, 13, 1, 65, 70,13
as2dist2:GigabitEthernet0/0, complete,6, heimdall_intersect3, 13, 1, 65, 70,13
as2dist2:GigabitEthernet0/0, complete,6, heimdall_intersect4, 13, 1, 65, 70,13
as2dist2:GigabitEthernet0/0, complete,6, neighbor, 5, 1, 28, 49,5
as2dist2:GigabitEthernet0/0, random-2,2, base, 13, 1, 65, 70,13
as2dist2:GigabitEthernet0/0, random-2,2, crystal-net, 7, 1, 38, 53,7
as2dist2:GigabitEthernet0/0, random-2,2, empty, 0, 0, 0, 0,0
as2dist2:GigabitEthernet0/0, random-2,2, heimdall, 13, 1, 65, 70,13
as2dist2:GigabitEthernet0/0, random-2,2, heimdall_end_nodes, 13, 1, 65, 70,13
as2dist2:GigabitEthernet0/0, random-2,2, heimdall_interface, 33, 0, 33, 54,33
as2dist2:GigabitEthernet0/0, random-2,2, heimdall_intersect, 1, 0, 6, 5,1
as2dist2:GigabitEthernet0/0, random-2,2, heimdall_intersect2, 1, 0, 6, 5,1
as2dist2:GigabitEthernet0/0, random-2,2, neighbor, 3, 1, 17, 41,3
as2dist2:GigabitEthernet1/0, complete,3, base, 13, 1, 65, 70,13
as2dist2:GigabitEthernet1/0, complete,3, crystal-net, 7, 1, 38, 53,7
as2dist2:GigabitEthernet1/0, complete,3, empty, 0, 0, 0, 0,0
as2dist2:GigabitEthernet1/0, complete,3, heimdall, 7, 1, 38, 53,7
as2dist2:GigabitEthernet1/0, complete,3, heimdall_end_nodes, 7, 1, 38, 53,7
as2dist2:GigabitEthernet1/0, complete,3, heimdall_interface, 21, 0, 21, 37,21
as2dist2:GigabitEthernet1/0, complete,3, heimdall_intersect, 1, 0, 6, 29,1
as2dist2:GigabitEthernet1/0, complete,3, heimdall_intersect2, 7, 1, 38, 53,7
as2dist2:GigabitEthernet1/0, complete,3, heimdall_intersect3, 7, 1, 38, 53,7
as2dist2:GigabitEthernet1/0, complete,3, heimdall_intersect4, 7, 1, 38, 53,7
as2dist2:GigabitEthernet1/0, complete,3, neighbor, 4, 1, 23, 45,4
as2dist2:GigabitEthernet1/0, random-2,2, base, 13, 1, 65, 70,13
as2dist2:GigabitEthernet1/0, random-2,2, crystal-net, 7, 1, 38, 53,7
as2dist2:GigabitEthernet1/0, random-2,2, empty, 0, 0, 0, 0,0
as2dist2:GigabitEthernet1/0, random-2,2, heimdall, 7, 1, 38, 53,7
as2dist2:GigabitEthernet1/0, random-2,2, heimdall_end_nodes, 7, 1, 38, 53,7
as2dist2:GigabitEthernet1/0, random-2,2, heimdall_interface, 21, 0, 21, 37,21
as2dist2:GigabitEthernet1/0, random-2,2, heimdall_intersect, 7, 1, 38, 53,7
as2dist2:GigabitEthernet1/0, random-2,2, heimdall_intersect2, 7, 1, 38, 53,7
as2dist2:GigabitEthernet1/0, random-2,2, neighbor, 3, 1, 17, 41,3
as2dist2:GigabitEthernet2/0, complete,7, base, 13, 1, 65, 70,13
as2dist2:GigabitEthernet2/0, complete,7, crystal-net, 7, 1, 38, 53,7
as2dist2:GigabitEthernet2/0, complete,7, empty, 0, 0, 0, 0,0
as2dist2:GigabitEthernet2/0, complete,7, heimdall, 13, 1, 65, 70,13
as2dist2:GigabitEthernet2/0, complete,7, heimdall_end_nodes, 13, 1, 65, 70,13
as2dist2:GigabitEthernet2/0, complete,7, heimdall_interface, 34, 0, 33, 45,33
as2dist2:GigabitEthernet2/0, complete,7, heimdall_intersect, 1, 0, 6, 28,1
as2dist2:GigabitEthernet2/0, complete,7, heimdall_intersect2, 13, 1, 65, 70,13
as2dist2:GigabitEthernet2/0, complete,7, heimdall_intersect3, 13, 1, 65, 70,13
as2dist2:GigabitEthernet2/0, complete,7, heimdall_intersect4, 13, 1, 65, 70,13
as2dist2:GigabitEthernet2/0, complete,7, neighbor, 5, 1, 28, 48,5
as2dist2:GigabitEthernet2/0, random-2,2, base, 13, 1, 65, 70,13
as2dist2:GigabitEthernet2/0, random-2,2, crystal-net, 7, 1, 38, 53,7
as2dist2:GigabitEthernet2/0, random-2,2, empty, 0, 0, 0, 0,0
as2dist2:GigabitEthernet2/0, random-2,2, heimdall, 13, 1, 65, 70,13
as2dist2:GigabitEthernet2/0, random-2,2, heimdall_end_nodes, 13, 1, 65, 70,13
as2dist2:GigabitEthernet2/0, random-2,2, heimdall_interface, 34, 0, 33, 45,33
as2dist2:GigabitEthernet2/0, random-2,2, heimdall_intersect, 1, 0, 6, 28,1
as2dist2:GigabitEthernet2/0, random-2,2, heimdall_intersect2, 1, 0, 6, 28,1
as2dist2:GigabitEthernet2/0, random-2,2, neighbor, 3, 1, 17, 38,3
as2dist2:Loopback0, complete,6, base, 13, 1, 65, 65,13
as2dist2:Loopback0, complete,6, crystal-net, 7, 1, 38, 48,7
as2dist2:Loopback0, complete,6, empty, 0, 0, 0, 0,0
as2dist2:Loopback0, complete,6, heimdall, 13, 1, 65, 65,13
as2dist2:Loopback0, complete,6, heimdall_end_nodes, 13, 1, 65, 65,13
as2dist2:Loopback0, complete,6, heimdall_interface, 35, 0, 34, 45,34
as2dist2:Loopback0, complete,6, heimdall_intersect, 7, 1, 38, 48,7
as2dist2:Loopback0, complete,6, heimdall_intersect2, 13, 1, 65, 65,13
as2dist2:Loopback0, complete,6, heimdall_intersect3, 13, 1, 65, 65,13
as2dist2:Loopback0, complete,6, heimdall_intersect4, 13, 1, 65, 65,13
as2dist2:Loopback0, complete,6, neighbor, 5, 1, 28, 43,5
as2dist2:Loopback0, random-2,2, base, 13, 1, 65, 65,13
as2dist2:Loopback0, random-2,2, crystal-net, 7, 1, 38, 48,7
as2dist2:Loopback0, random-2,2, empty, 0, 0, 0, 0,0
as2dist2:Loopback0, random-2,2, heimdall, 7, 1, 38, 48,7
as2dist2:Loopback0, random-2,2, heimdall_end_nodes, 7, 1, 38, 48,7
as2dist2:Loopback0, random-2,2, heimdall_interface, 22, 0, 22, 28,22
as2dist2:Loopback0, random-2,2, heimdall_intersect, 7, 1, 38, 48,7
as2dist2:Loopback0, random-2,2, heimdall_intersect2, 7, 1, 38, 48,7
as2dist2:Loopback0, random-2,2, neighbor, 3, 1, 17, 33,3
as3border1:GigabitEthernet0/0, complete,14, base, 13, 1, 65, 62,13
as3border1:GigabitEthernet0/0, complete,14, crystal-net, 10, 0, 53, 60,10
as3border1:GigabitEthernet0/0, complete,14, empty, 0, 0, 0, 0,0
as3border1:GigabitEthernet0/0, complete,14, heimdall, 12, 0, 61, 62,12
as3border1:GigabitEthernet0/0, complete,14, heimdall_end_nodes, 12, 0, 61, 62,12
as3border1:GigabitEthernet0/0, complete,14, heimdall_interface, 34, 0, 33, 37,33
as3border1:GigabitEthernet0/0, complete,14, heimdall_intersect, 4, 0, 19, 35,4
as3border1:GigabitEthernet0/0, complete,14, heimdall_intersect2, 12, 0, 61, 62,12
as3border1:GigabitEthernet0/0, complete,14, heimdall_intersect3, 6, 0, 29, 45,6
as3border1:GigabitEthernet0/0, complete,14, heimdall_intersect4, 10, 0, 51, 60,10
as3border1:GigabitEthernet0/0, complete,14, neighbor, 8, 0, 43, 55,8
as3border1:GigabitEthernet0/0, random-2,2, base, 13, 1, 65, 62,13
as3border1:GigabitEthernet0/0, random-2,2, crystal-net, 7, 0, 37, 42,7
as3border1:GigabitEthernet0/0, random-2,2, empty, 0, 0, 0, 0,0
as3border1:GigabitEthernet0/0, random-2,2, heimdall, 12, 0, 61, 62,12
as3border1:GigabitEthernet0/0, random-2,2, heimdall_end_nodes, 12, 0, 61, 62,12
as3border1:GigabitEthernet0/0, random-2,2, heimdall_interface, 34, 0, 33, 37,33
as3border1:GigabitEthernet0/0, random-2,2, heimdall_intersect, 4, 0, 19, 35,4
as3border1:GigabitEthernet0/0, random-2,2, heimdall_intersect2, 4, 0, 19, 35,4
as3border1:GigabitEthernet0/0, random-2,2, neighbor, 4, 0, 21, 16,4
as3border1:GigabitEthernet1/0, complete,14, base, 13, 1, 65, 66,13
as3border1:GigabitEthernet1/0, complete,14, crystal-net, 11, 1, 57, 64,11
as3border1:GigabitEthernet1/0, complete,14, empty, 0, 0, 0, 0,0
as3border1:GigabitEthernet1/0, complete,14, heimdall, 13, 1, 65, 66,13
as3border1:GigabitEthernet1/0, complete,14, heimdall_end_nodes, 13, 1, 65, 66,13
as3border1:GigabitEthernet1/0, complete,14, heimdall_interface, 35, 0, 34, 41,34
as3border1:GigabitEthernet1/0, complete,14, heimdall_intersect, 4, 0, 19, 35,4
as3border1:GigabitEthernet1/0, complete,14, heimdall_intersect2, 13, 1, 65, 66,13
as3border1:GigabitEthernet1/0, complete,14, heimdall_intersect3, 6, 0, 29, 45,6
as3border1:GigabitEthernet1/0, complete,14, heimdall_intersect4, 10, 0, 51, 60,10
as3border1:GigabitEthernet1/0, complete,14, neighbor, 8, 0, 43, 59,8
as3border1:GigabitEthernet1/0, random-2,2, base, 13, 1, 65, 66,13
as3border1:GigabitEthernet1/0, random-2,2, crystal-net, 8, 1, 41, 46,8
as3border1:GigabitEthernet1/0, random-2,2, empty, 0, 0, 0, 0,0
as3border1:GigabitEthernet1/0, random-2,2, heimdall, 13, 1, 65, 66,13
as3border1:GigabitEthernet1/0, random-2,2, heimdall_end_nodes, 13, 1, 65, 66,13
as3border1:GigabitEthernet1/0, random-2,2, heimdall_interface, 35, 0, 34, 41,34
as3border1:GigabitEthernet1/0, random-2,2, heimdall_intersect, 4, 0, 19, 35,4
as3border1:GigabitEthernet1/0, random-2,2, heimdall_intersect2, 4, 0, 19, 35,4
as3border1:GigabitEthernet1/0, random-2,2, neighbor, 4, 0, 21, 22,4
as3border1:Loopback0, complete,2, base, 13, 1, 65, 64,13
as3border1:Loopback0, complete,2, crystal-net, 4, 1, 19, 23,4
as3border1:Loopback0, complete,2, empty, 0, 0, 0, 0,0
as3border1:Loopback0, complete,2, heimdall, 13, 1, 65, 64,13
as3border1:Loopback0, complete,2, heimdall_end_nodes, 8, 1, 38, 39,8
as3border1:Loopback0, complete,2, heimdall_interface, 28, 0, 27, 35,27
as3border1:Loopback0, complete,2, heimdall_intersect, 8, 1, 38, 39,8
as3border1:Loopback0, complete,2, heimdall_intersect2, 8, 1, 38, 39,8
as3border1:Loopback0, complete,2, heimdall_intersect3, 8, 1, 38, 39,8
as3border1:Loopback0, complete,2, heimdall_intersect4, 8, 1, 38, 39,8
as3border1:Loopback0, complete,2, neighbor, 3, 0, 15, 21,3
as3border1:Loopback0, random-2,2, base, 13, 1, 65, 64,13
as3border1:Loopback0, random-2,2, crystal-net, 4, 1, 19, 23,4
as3border1:Loopback0, random-2,2, empty, 0, 0, 0, 0,0
as3border1:Loopback0, random-2,2, heimdall, 13, 1, 65, 64,13
as3border1:Loopback0, random-2,2, heimdall_end_nodes, 8, 1, 38, 39,8
as3border1:Loopback0, random-2,2, heimdall_interface, 28, 0, 27, 35,27
as3border1:Loopback0, random-2,2, heimdall_intersect, 8, 1, 38, 39,8
as3border1:Loopback0, random-2,2, heimdall_intersect2, 8, 1, 38, 39,8
as3border1:Loopback0, random-2,2, neighbor, 3, 0, 15, 21,3
as3border2:GigabitEthernet0/0, complete,5, base, 13, 1, 65, 70,13
as3border2:GigabitEthernet0/0, complete,5, crystal-net, 6, 1, 27, 35,6
as3border2:GigabitEthernet0/0, complete,5, empty, 0, 0, 0, 0,0
as3border2:GigabitEthernet0/0, complete,5, heimdall, 13, 1, 65, 70,13
as3border2:GigabitEthernet0/0, complete,5, heimdall_end_nodes, 9, 1, 43, 50,9
as3border2:GigabitEthernet0/0, complete,5, heimdall_interface, 33, 0, 32, 45,32
as3border2:GigabitEthernet0/0, complete,5, heimdall_intersect, 0, 0, 0, 0,0
as3border2:GigabitEthernet0/0, complete,5, heimdall_intersect2, 5, 0, 24, 44,5
as3border2:GigabitEthernet0/0, complete,5, heimdall_intersect3, 5, 0, 24, 44,5
as3border2:GigabitEthernet0/0, complete,5, heimdall_intersect4, 9, 1, 43, 50,9
as3border2:GigabitEthernet0/0, complete,5, neighbor, 4, 1, 19, 31,4
as3border2:GigabitEthernet0/0, random-2,2, base, 13, 1, 65, 70,13
as3border2:GigabitEthernet0/0, random-2,2, crystal-net, 4, 1, 19, 29,4
as3border2:GigabitEthernet0/0, random-2,2, empty, 0, 0, 0, 0,0
as3border2:GigabitEthernet0/0, random-2,2, heimdall, 13, 1, 65, 70,13
as3border2:GigabitEthernet0/0, random-2,2, heimdall_end_nodes, 9, 1, 43, 50,9
as3border2:GigabitEthernet0/0, random-2,2, heimdall_interface, 33, 0, 32, 45,32
as3border2:GigabitEthernet0/0, random-2,2, heimdall_intersect, 1, 0, 6, 28,1
as3border2:GigabitEthernet0/0, random-2,2, heimdall_intersect2, 1, 0, 6, 28,1
as3border2:GigabitEthernet0/0, random-2,2, neighbor, 3, 1, 15, 27,3
as3border2:GigabitEthernet1/0, complete,5, base, 13, 1, 65, 64,13
as3border2:GigabitEthernet1/0, complete,5, crystal-net, 6, 1, 27, 29,6
as3border2:GigabitEthernet1/0, complete,5, empty, 0, 0, 0, 0,0
as3border2:GigabitEthernet1/0, complete,5, heimdall, 11, 1, 56, 64,11
as3border2:GigabitEthernet1/0, complete,5, heimdall_end_nodes, 7, 1, 34, 44,7
as3border2:GigabitEthernet1/0, complete,5, heimdall_interface, 24, 0, 23, 30,23
as3border2:GigabitEthernet1/0, complete,5, heimdall_intersect, 0, 0, 0, 0,0
as3border2:GigabitEthernet1/0, complete,5, heimdall_intersect2, 6, 1, 28, 42,6
as3border2:GigabitEthernet1/0, complete,5, heimdall_intersect3, 6, 1, 28, 42,6
as3border2:GigabitEthernet1/0, complete,5, heimdall_intersect4, 7, 1, 34, 44,7
as3border2:GigabitEthernet1/0, complete,5, neighbor, 4, 1, 19, 25,4
as3border2:GigabitEthernet1/0, random-2,2, base, 13, 1, 65, 64,13
as3border2:GigabitEthernet1/0, random-2,2, crystal-net, 3, 0, 15, 23,3
as3border2:GigabitEthernet1/0, random-2,2, empty, 0, 0, 0, 0,0
as3border2:GigabitEthernet1/0, random-2,2, heimdall, 11, 1, 56, 64,11
as3border2:GigabitEthernet1/0, random-2,2, heimdall_end_nodes, 7, 1, 34, 44,7
as3border2:GigabitEthernet1/0, random-2,2, heimdall_interface, 24, 0, 23, 30,23
as3border2:GigabitEthernet1/0, random-2,2, heimdall_intersect, 0, 0, 0, 0,0
as3border2:GigabitEthernet1/0, random-2,2, heimdall_intersect2, 0, 0, 0, 0,0
as3border2:GigabitEthernet1/0, random-2,2, neighbor, 2, 0, 11, 21,2
as3border2:Loopback0, complete,2, base, 13, 1, 65, 66,13
as3border2:Loopback0, complete,2, crystal-net, 4, 1, 19, 25,4
as3border2:Loopback0, complete,2, empty, 0, 0, 0, 0,0
as3border2:Loopback0, complete,2, heimdall, 13, 1, 65, 66,13
as3border2:Loopback0, complete,2, heimdall_end_nodes, 8, 1, 38, 41,8
as3border2:Loopback0, complete,2, heimdall_interface, 28, 0, 27, 37,27
as3border2:Loopback0, complete,2, heimdall_intersect, 8, 1, 38, 41,8
as3border2:Loopback0, complete,2, heimdall_intersect2, 8, 1, 38, 41,8
as3border2:Loopback0, complete,2, heimdall_intersect3, 8, 1, 38, 41,8
as3border2:Loopback0, complete,2, heimdall_intersect4, 8, 1, 38, 41,8
as3border2:Loopback0, complete,2, neighbor, 3, 1, 15, 23,3
as3border2:Loopback0, random-2,2, base, 13, 1, 65, 66,13
as3border2:Loopback0, random-2,2, crystal-net, 4, 1, 19, 25,4
as3border2:Loopback0, random-2,2, empty, 0, 0, 0, 0,0
as3border2:Loopback0, random-2,2, heimdall, 13, 1, 65, 66,13
as3border2:Loopback0, random-2,2, heimdall_end_nodes, 8, 1, 38, 41,8
as3border2:Loopback0, random-2,2, heimdall_interface, 28, 0, 27, 37,27
as3border2:Loopback0, random-2,2, heimdall_intersect, 8, 1, 38, 41,8
as3border2:Loopback0, random-2,2, heimdall_intersect2, 8, 1, 38, 41,8
as3border2:Loopback0, random-2,2, neighbor, 3, 1, 15, 23,3
as3core1:GigabitEthernet0/0, complete,17, base, 13, 1, 65, 64,13
as3core1:GigabitEthernet0/0, complete,17, crystal-net, 11, 0, 55, 62,11
as3core1:GigabitEthernet0/0, complete,17, empty, 0, 0, 0, 0,0
as3core1:GigabitEthernet0/0, complete,17, heimdall, 13, 1, 65, 64,13
as3core1:GigabitEthernet0/0, complete,17, heimdall_end_nodes, 13, 1, 65, 64,13
as3core1:GigabitEthernet0/0, complete,17, heimdall_interface, 37, 0, 36, 39,36
as3core1:GigabitEthernet0/0, complete,17, heimdall_intersect, 4, 0, 19, 37,4
as3core1:GigabitEthernet0/0, complete,17, heimdall_intersect2, 13, 1, 65, 64,13
as3core1:GigabitEthernet0/0, complete,17, heimdall_intersect3, 9, 1, 44, 54,9
as3core1:GigabitEthernet0/0, complete,17, heimdall_intersect4, 13, 1, 65, 64,13
as3core1:GigabitEthernet0/0, complete,17, neighbor, 8, 0, 41, 57,8
as3core1:GigabitEthernet0/0, random-2,2, base, 13, 1, 65, 64,13
as3core1:GigabitEthernet0/0, random-2,2, crystal-net, 2, 0, 9, 15,2
as3core1:GigabitEthernet0/0, random-2,2, empty, 0, 0, 0, 0,0
as3core1:GigabitEthernet0/0, random-2,2, heimdall, 10, 0, 50, 62,10
as3core1:GigabitEthernet0/0, random-2,2, heimdall_end_nodes, 6, 0, 28, 42,6
as3core1:GigabitEthernet0/0, random-2,2, heimdall_interface, 24, 0, 23, 30,23
as3core1:GigabitEthernet0/0, random-2,2, heimdall_intersect, 6, 0, 28, 42,6
as3core1:GigabitEthernet0/0, random-2,2, heimdall_intersect2, 6, 0, 28, 42,6
as3core1:GigabitEthernet0/0, random-2,2, neighbor, 2, 0, 9, 15,2
as3core1:GigabitEthernet1/0, complete,17, base, 13, 1, 65, 62,13
as3core1:GigabitEthernet1/0, complete,17, crystal-net, 12, 1, 61, 62,12
as3core1:GigabitEthernet1/0, complete,17, empty, 0, 0, 0, 0,0
as3core1:GigabitEthernet1/0, complete,17, heimdall, 13, 1, 65, 62,13
as3core1:GigabitEthernet1/0, complete,17, heimdall_end_nodes, 13, 1, 65, 62,13
as3core1:GigabitEthernet1/0, complete,17, heimdall_interface, 37, 0, 36, 37,36
as3core1:GigabitEthernet1/0, complete,17, heimdall_intersect, 4, 0, 19, 35,4
as3core1:GigabitEthernet1/0, complete,17, heimdall_intersect2, 13, 1, 65, 62,13
as3core1:GigabitEthernet1/0, complete,17, heimdall_intersect3, 8, 0, 38, 50,8
as3core1:GigabitEthernet1/0, complete,17, heimdall_intersect4, 13, 1, 65, 62,13
as3core1:GigabitEthernet1/0, complete,17, neighbor, 9, 1, 47, 57,9
as3core1:GigabitEthernet1/0, random-2,2, base, 13, 1, 65, 62,13
as3core1:GigabitEthernet1/0, random-2,2, crystal-net, 2, 0, 9, 19,2
as3core1:GigabitEthernet1/0, random-2,2, empty, 0, 0, 0, 0,0
as3core1:GigabitEthernet1/0, random-2,2, heimdall, 11, 1, 56, 62,11
as3core1:GigabitEthernet1/0, random-2,2, heimdall_end_nodes, 7, 1, 34, 42,7
as3core1:GigabitEthernet1/0, random-2,2, heimdall_interface, 25, 0, 24, 32,24
as3core1:GigabitEthernet1/0, random-2,2, heimdall_intersect, 7, 1, 34, 42,7
as3core1:GigabitEthernet1/0, random-2,2, heimdall_intersect2, 7, 1, 34, 42,7
as3core1:GigabitEthernet1/0, random-2,2, neighbor, 2, 0, 9, 19,2
as3core1:Loopback0, complete,2, base, 13, 1, 65, 62,13
as3core1:Loopback0, complete,2, crystal-net, 4, 1, 19, 21,4
as3core1:Loopback0, complete,2, empty, 0, 0, 0, 0,0
as3core1:Loopback0, complete,2, heimdall, 13, 1, 65, 62,13
as3core1:Loopback0, complete,2, heimdall_end_nodes, 8, 1, 38, 37,8
as3core1:Loopback0, complete,2, heimdall_interface, 28, 0, 27, 33,27
as3core1:Loopback0, complete,2, heimdall_intersect, 8, 1, 38, 37,8
as3core1:Loopback0, complete,2, heimdall_intersect2, 8, 1, 38, 37,8
as3core1:Loopback0, complete,2, heimdall_intersect3, 8, 1, 38, 37,8
as3core1:Loopback0, complete,2, heimdall_intersect4, 8, 1, 38, 37,8
as3core1:Loopback0, complete,2, neighbor, 3, 1, 15, 19,3
as3core1:Loopback0, random-2,2, base, 13, 1, 65, 62,13
as3core1:Loopback0, random-2,2, crystal-net, 4, 1, 19, 21,4
as3core1:Loopback0, random-2,2, empty, 0, 0, 0, 0,0
as3core1:Loopback0, random-2,2, heimdall, 13, 1, 65, 62,13
as3core1:Loopback0, random-2,2, heimdall_end_nodes, 8, 1, 38, 37,8
as3core1:Loopback0, random-2,2, heimdall_interface, 28, 0, 27, 33,27
as3core1:Loopback0, random-2,2, heimdall_intersect, 8, 1, 38, 37,8
as3core1:Loopback0, random-2,2, heimdall_intersect2, 8, 1, 38, 37,8
as3core1:Loopback0, random-2,2, neighbor, 3, 1, 15, 19,3
